{
    "dns_records": {
        "A": [
            "172.67.128.207",
            "104.21.2.57"
        ],
        "MX": [
            "34 route1.mx.cloudflare.net.",
            "36 route2.mx.cloudflare.net.",
            "40 route3.mx.cloudflare.net."
        ],
        "NS": [
            "dell.ns.cloudflare.com.",
            "simon.ns.cloudflare.com."
        ],
        "SOA": [
            "dell.ns.cloudflare.com. dns.cloudflare.com. 2372360462 10000 2400 604800 1800"
        ],
        "TXT": [
            "\"google-site-verification=AP5hGmYQ-mzwUQoI8qizZmpln3rnvKkzXXjz3r1A4DE\"",
            "\"v=spf1 include:_spf.mx.cloudflare.net ~all\""
        ]
    },
    "whois_info": {
        "registrar": "NIC Chile",
        "creation_date": "2012-01-30 16:01:07",
        "expiration_date": "2027-02-26 13:01:07",
        "name_servers": [
            "dell.ns.cloudflare.com",
            "simon.ns.cloudflare.com"
        ],
        "status": null
    },
    "dork_results": {
        "site:solotodo.cl filetype:env OR filetype:xml OR filetype:conf": [],
        "site:solotodo.cl (index of OR backup OR admin)": []
    },
    "ai_analysis": {
        "classification": "neutral",
        "confidence": 0.0,
        "details": {
            "sensitive_files": [],
            "potential_vulnerabilities": [],
            "recommendations": []
        }
    }
}